{
 "name": "Complementary",
 "comments": "By Erevos",
 "colors": [
  {
   "data": "ffb35102",
   "name": "no name"
  },
  {
   "data": "ffff9945",
   "name": "no name"
  },
  {
   "data": "ffff7100",
   "name": "no name"
  },
  {
   "data": "ff0099b3",
   "name": "no name"
  },
  {
   "data": "ff00daff",
   "name": "no name"
  },
  {
   "data": "ffb30202",
   "name": "no name"
  },
  {
   "data": "ffff4545",
   "name": "no name"
  },
  {
   "data": "ffff0201",
   "name": "no name"
  },
  {
   "data": "ff00b333",
   "name": "no name"
  },
  {
   "data": "ff00ff48",
   "name": "no name"
  },
  {
   "data": "ff8002b3",
   "name": "no name"
  },
  {
   "data": "ffca45ff",
   "name": "no name"
  },
  {
   "data": "ffb400fe",
   "name": "no name"
  },
  {
   "data": "ff7fb300",
   "name": "no name"
  },
  {
   "data": "ffb5ff00",
   "name": "no name"
  },
  {
   "data": "ff0211b3",
   "name": "no name"
  },
  {
   "data": "ff4554ff",
   "name": "no name"
  },
  {
   "data": "ff0116ff",
   "name": "no name"
  },
  {
   "data": "ffb38c00",
   "name": "no name"
  },
  {
   "data": "ffffc900",
   "name": "no name"
  },
  {
   "data": "ff029eb3",
   "name": "no name"
  },
  {
   "data": "ff7af0ff",
   "name": "no name"
  },
  {
   "data": "ff00e1ff",
   "name": "no name"
  },
  {
   "data": "ffb34d00",
   "name": "no name"
  },
  {
   "data": "ffff6f00",
   "name": "no name"
  }
 ],
 "editable": true
}