{
 "name": "Default",
 "comments": "",
 "colors": [
  {
   "data": "ff000000",
   "name": "no name"
  },
  {
   "data": "ff222034",
   "name": "no name"
  },
  {
   "data": "ff45283c",
   "name": "no name"
  },
  {
   "data": "ff663931",
   "name": "no name"
  },
  {
   "data": "ff8f563b",
   "name": "no name"
  },
  {
   "data": "ffdf7126",
   "name": "no name"
  },
  {
   "data": "ffd9a066",
   "name": "no name"
  },
  {
   "data": "ffeec39a",
   "name": "no name"
  },
  {
   "data": "fffbf236",
   "name": "no name"
  },
  {
   "data": "ff99e550",
   "name": "no name"
  },
  {
   "data": "ff6abe30",
   "name": "no name"
  },
  {
   "data": "ff37946e",
   "name": "no name"
  },
  {
   "data": "ff4b692f",
   "name": "no name"
  },
  {
   "data": "ff524b24",
   "name": "no name"
  },
  {
   "data": "ff323c39",
   "name": "no name"
  },
  {
   "data": "ff3f3f74",
   "name": "no name"
  },
  {
   "data": "ff306082",
   "name": "no name"
  },
  {
   "data": "ff5b6ee1",
   "name": "no name"
  },
  {
   "data": "ff639bff",
   "name": "no name"
  },
  {
   "data": "ff5fcde4",
   "name": "no name"
  },
  {
   "data": "ffcbdbfc",
   "name": "no name"
  },
  {
   "data": "ffffffff",
   "name": "no name"
  },
  {
   "data": "ff9badb7",
   "name": "no name"
  },
  {
   "data": "ff847e87",
   "name": "no name"
  },
  {
   "data": "ff696a6a",
   "name": "no name"
  },
  {
   "data": "ff595652",
   "name": "no name"
  },
  {
   "data": "ff76428a",
   "name": "no name"
  },
  {
   "data": "ffac3232",
   "name": "no name"
  },
  {
   "data": "ffd95763",
   "name": "no name"
  },
  {
   "data": "ffd77bba",
   "name": "no name"
  },
  {
   "data": "ff8f974a",
   "name": "no name"
  },
  {
   "data": "ff8a6f30",
   "name": "no name"
  }
 ],
 "editable": true
}