{
 "name": "Edited_Complimentary",
 "comments": "",
 "colors": [
  {
   "data": "ff1b211d",
   "name": "no name"
  },
  {
   "data": "ff3c112d",
   "name": "no name"
  },
  {
   "data": "ff532e47",
   "name": "no name"
  },
  {
   "data": "ff347fdc",
   "name": "no name"
  },
  {
   "data": "ff86d3f7",
   "name": "no name"
  },
  {
   "data": "ff0dcd4d",
   "name": "no name"
  },
  {
   "data": "ffe427a5",
   "name": "no name"
  },
  {
   "data": "fffd8864",
   "name": "no name"
  },
  {
   "data": "ffffc9ac",
   "name": "no name"
  },
  {
   "data": "fffcebf5",
   "name": "no name"
  },
  {
   "data": "ffab5a6b",
   "name": "no name"
  },
  {
   "data": "ff55373e",
   "name": "no name"
  },
  {
   "data": "ffffdc00",
   "name": "no name"
  },
  {
   "data": "ff19191b",
   "name": "no name"
  },
  {
   "data": "ff43454c",
   "name": "no name"
  }
 ],
 "editable": true
}