{
 "name": "Monochromatic",
 "comments": "By Erevos",
 "colors": [
  {
   "data": "ff0a0a0b",
   "name": "no name"
  },
  {
   "data": "ffb0b7ff",
   "name": "no name"
  },
  {
   "data": "ff636fff",
   "name": "no name"
  },
  {
   "data": "ff4d5182",
   "name": "no name"
  },
  {
   "data": "ff505acc",
   "name": "no name"
  },
  {
   "data": "ff347685",
   "name": "no name"
  },
  {
   "data": "ffb0f1ff",
   "name": "no name"
  },
  {
   "data": "ff63e2ff",
   "name": "no name"
  },
  {
   "data": "ff487985",
   "name": "no name"
  },
  {
   "data": "ff50b5cc",
   "name": "no name"
  },
  {
   "data": "ff40852c",
   "name": "no name"
  },
  {
   "data": "ffadff94",
   "name": "no name"
  },
  {
   "data": "ff7cff54",
   "name": "no name"
  },
  {
   "data": "ff228a03",
   "name": "no name"
  },
  {
   "data": "ff64cc43",
   "name": "no name"
  },
  {
   "data": "ff857f1c",
   "name": "no name"
  },
  {
   "data": "fffffba8",
   "name": "no name"
  },
  {
   "data": "fffff536",
   "name": "no name"
  },
  {
   "data": "ff353525",
   "name": "no name"
  },
  {
   "data": "ffccc32b",
   "name": "no name"
  },
  {
   "data": "ff854d15",
   "name": "no name"
  },
  {
   "data": "ffffcd9c",
   "name": "no name"
  },
  {
   "data": "ffff9429",
   "name": "no name"
  },
  {
   "data": "ff8a5f34",
   "name": "no name"
  },
  {
   "data": "ff77454f",
   "name": "no name"
  },
  {
   "data": "ff57100a",
   "name": "no name"
  },
  {
   "data": "ffeb2d1c",
   "name": "no name"
  },
  {
   "data": "ffd12617",
   "name": "no name"
  },
  {
   "data": "ff322b2b",
   "name": "no name"
  },
  {
   "data": "ff9e1d11",
   "name": "no name"
  },
  {
   "data": "ff521157",
   "name": "no name"
  },
  {
   "data": "ffde31eb",
   "name": "no name"
  },
  {
   "data": "ffc62ad1",
   "name": "no name"
  },
  {
   "data": "ff1e1722",
   "name": "no name"
  },
  {
   "data": "ff96209e",
   "name": "no name"
  },
  {
   "data": "ff141414",
   "name": "no name"
  },
  {
   "data": "ffababab",
   "name": "no name"
  },
  {
   "data": "ff6e6e6e",
   "name": "no name"
  },
  {
   "data": "ff2d2d2d",
   "name": "no name"
  },
  {
   "data": "ff616161",
   "name": "no name"
  },
  {
   "data": "ff040405",
   "name": "no name"
  },
  {
   "data": "fff6f7ff",
   "name": "no name"
  }
 ],
 "editable": true
}