{
 "name": "Shades",
 "comments": "By Erevos",
 "colors": [
  {
   "data": "ffc25400",
   "name": "no name"
  },
  {
   "data": "ff803900",
   "name": "no name"
  },
  {
   "data": "ffff7300",
   "name": "no name"
  },
  {
   "data": "ff401d00",
   "name": "no name"
  },
  {
   "data": "ffe66700",
   "name": "no name"
  },
  {
   "data": "ffc20000",
   "name": "no name"
  },
  {
   "data": "ff800000",
   "name": "no name"
  },
  {
   "data": "ffff0000",
   "name": "no name"
  },
  {
   "data": "ff400000",
   "name": "no name"
  },
  {
   "data": "ffe60101",
   "name": "no name"
  },
  {
   "data": "ff8800c2",
   "name": "no name"
  },
  {
   "data": "ff590080",
   "name": "no name"
  },
  {
   "data": "ffb300ff",
   "name": "no name"
  },
  {
   "data": "ff2d0040",
   "name": "no name"
  },
  {
   "data": "ffa200e5",
   "name": "no name"
  },
  {
   "data": "ff0010c2",
   "name": "no name"
  },
  {
   "data": "ff000b80",
   "name": "no name"
  },
  {
   "data": "ff0015ff",
   "name": "no name"
  },
  {
   "data": "ff000540",
   "name": "no name"
  },
  {
   "data": "ff0114e6",
   "name": "no name"
  },
  {
   "data": "ff00abc2",
   "name": "no name"
  },
  {
   "data": "ff007180",
   "name": "no name"
  },
  {
   "data": "ff00e1ff",
   "name": "no name"
  },
  {
   "data": "ff003840",
   "name": "no name"
  },
  {
   "data": "ff00cbe6",
   "name": "no name"
  },
  {
   "data": "ff00c237",
   "name": "no name"
  },
  {
   "data": "ff008024",
   "name": "no name"
  },
  {
   "data": "ff00ff48",
   "name": "no name"
  },
  {
   "data": "ff004012",
   "name": "no name"
  },
  {
   "data": "ff00e641",
   "name": "no name"
  },
  {
   "data": "ffb8c200",
   "name": "no name"
  },
  {
   "data": "ff798000",
   "name": "no name"
  },
  {
   "data": "fff2ff00",
   "name": "no name"
  },
  {
   "data": "ff3d4000",
   "name": "no name"
  },
  {
   "data": "ffdce600",
   "name": "no name"
  }
 ],
 "editable": true
}