{
 "name": "Triad",
 "comments": "By Erevos",
 "colors": [
  {
   "data": "ff852c32",
   "name": "no name"
  },
  {
   "data": "ffcc646b",
   "name": "no name"
  },
  {
   "data": "ffe3df66",
   "name": "no name"
  },
  {
   "data": "ff3c7899",
   "name": "no name"
  },
  {
   "data": "ff386680",
   "name": "no name"
  },
  {
   "data": "ff141a85",
   "name": "no name"
  },
  {
   "data": "ff353cd1",
   "name": "no name"
  },
  {
   "data": "ffe66930",
   "name": "no name"
  },
  {
   "data": "ff409e18",
   "name": "no name"
  },
  {
   "data": "ff3a851b",
   "name": "no name"
  },
  {
   "data": "ff8a0500",
   "name": "no name"
  },
  {
   "data": "ffd10600",
   "name": "no name"
  },
  {
   "data": "ffdee609",
   "name": "no name"
  },
  {
   "data": "ff105f9e",
   "name": "no name"
  },
  {
   "data": "ff074c85",
   "name": "no name"
  },
  {
   "data": "ff84168a",
   "name": "no name"
  },
  {
   "data": "ffc942d1",
   "name": "no name"
  },
  {
   "data": "ffe6bf40",
   "name": "no name"
  },
  {
   "data": "ff239e85",
   "name": "no name"
  },
  {
   "data": "ff248571",
   "name": "no name"
  },
  {
   "data": "ff1e8a1a",
   "name": "no name"
  },
  {
   "data": "ff4fd14a",
   "name": "no name"
  },
  {
   "data": "ff6047e6",
   "name": "no name"
  },
  {
   "data": "ff9e5a28",
   "name": "no name"
  },
  {
   "data": "ff854f28",
   "name": "no name"
  }
 ],
 "editable": true
}